"","ORCDRC","PHIHOX","PHICAL","SNDPPT","SLTPPT","CLYPPT","As","Cd","Cu","Pb","Zn"
"1%",3.8,3.76,2.99,0,0,0,0.268,0.02053,1.47,3.016,5.9
"50%",20.8,6.23,5.66,42,36,16,5.586,0.1904,14.53,16.74,45.3
"99%",487.382,8.39,7.64,94,79,55,56.9368,1.67587,114.458999999999,107.262,156.04
